{
  "scene_id": "titration-025",
  "w_optimal_min_clearance_mm": 7.562673459217067,
  "w_fast_sdf_mm": 7.594752650151285,
  "w_bin": 4,
  "w_bin_range_mm": [
    7.5,
    8.5
  ],
  "blocker_dy_mm": 22.0,
  "blocker_radius_mm": 4.800000000000001,
  "blocker_bx_mm": 1.2,
  "lesion_mm": [
    18.0,
    10.0,
    0.0
  ],
  "feasible_exists": true,
  "private_seed": 20260705
}